Date,Open,High,Low,Close,Adj Close,Volume,Close_snp500,Close_dji,Close_nasdaq
2022-01-19,38.0,43.0,38.0,0.012948949947170888,41.215717,1.748939422518797e-05,0.940073511038014,0.9473903879773223,0.940073511038014
2022-01-20,40.950001,48.369999,40.950001,0.013874018328996563,44.159706,2.0655809974740492e-05,0.9287083774414703,0.9380846358247396,0.9287083774414703
2022-01-21,43.0,49.950001,42.950001,0.013874018328996563,44.159706,4.438371693202555e-05,0.9094469407504666,0.9247162690249399,0.9094469407504666
2022-01-24,44.919998,45.0,41.880001,0.01319563454063494,42.00079,1.4808046420247748e-05,0.9122160988264584,0.9276610408147804,0.9122160988264584
2022-01-25,42.5,44.919998,41.330002,0.012917497313832687,41.115627,3.1529416399799577e-06,0.9000218079717222,0.9256775604111928,0.9000218079717222
2022-01-26,45.009998,45.060001,42.25,0.01332514473080279,42.412941,1.2180595053597785e-05,0.8985406832255807,0.9218264536338802,0.8985406832255807
2022-01-27,47.259998,49.619999,43.75,0.01410836836901348,44.90551,2.0413276002434343e-05,0.8932204467908206,0.9216093015932899,0.8932204467908206
2022-01-28,44.549999,47.599998,44.150002,0.014413641551728206,45.877026,5.861237664065306e-06,0.9171501524286357,0.9383840739326946,0.9171501524286357
2022-01-31,46.0,48.0,46.0,0.014799086710822239,47.103683,9.593566015665511e-06,0.9361639777740421,0.9504563609060973,0.9361639777740421
2022-02-01,47.5,50.0,47.049999,0.01534796030901601,48.850441,4.024716529324843e-05,0.9432038636456567,0.9585774313379208,0.9432038636456567
2022-02-02,50.035,56.23,49.799999,0.016343950291758863,52.020126,0.0032150303368903323,0.9529356710267464,0.9652342850692376,0.9529356710267464
2022-02-03,52.189999,56.57,50.299999,0.01653204783775288,52.61874,0.0011352476279268004,0.9275066673330211,0.949841443362975,0.9275066673330211
2022-02-04,52.599998,54.330002,50.119999,0.015458968514835093,49.203728,0.0009105399025851522,0.9327519388649858,0.9492051373835703,0.9327519388649858
2022-02-07,50.0,50.040001,46.0,0.014203959385181054,45.209717,0.0012709319113225193,0.9289673471056731,0.9492464289480601,0.9289673471056731
2022-02-08,45.130001,47.560001,44.169998,0.014028196392634175,44.650368,0.0009805648500337666,0.9375247043429665,0.9602867238708316,0.9375247043429665
2022-02-09,44.75,47.450001,43.880001,0.014586321291358461,46.426571,0.000591917633522733,0.9524359050081098,0.9693554208546163,0.9524359050081098
2022-02-10,45.509998,48.5,45.380001,0.014506148081554647,46.171417,0.0003301022104182435,0.9335583794859678,0.9537160180078749,0.9335583794859678
2022-02-11,46.759998,48.91,46.060001,0.014826838762277009,47.192001,0.0004657595455948171,0.9141492846530942,0.9387580745060234,0.9141492846530942
2022-02-14,48.189999,49.0,46.990002,0.014833006193178639,47.211632,0.00029035358717917993,0.9102942713184281,0.9336518824051888,0.9102942713184281
2022-02-15,47.700001,48.450001,47.200001,0.014799086710822239,47.103683,0.0003179485635837909,0.9260596175426957,0.9462077856878682,0.9260596175426957
2022-02-16,47.720001,48.470001,46.950001,0.014552402117358186,46.318619,0.0007889360636927627,0.9269546530487999,0.9445867204546229,0.9269546530487999
2022-02-17,46.32,47.080002,45.189999,0.013963441914262504,44.444286,0.0004234238933178212,0.9054306392916043,0.9261023585206923,0.9054306392916043
2022-02-18,45.150002,45.900002,44.799999,0.014000444341179405,44.562042,0.00027198837583177534,0.8982998868711466,0.9191852788146052,0.8982998868711466
2022-02-22,45.41,45.68,43.490002,0.013423818691530861,42.726967,0.000351809000939644,0.8882795781974802,0.9048499764578669,0.8882795781974802
2022-02-23,43.689999,43.990002,42.18,0.013285058125900884,42.28537,0.0003760758722798316,0.8702743715442315,0.8910410672829705,0.8702743715442315
2022-02-24,43.150002,44.59,42.220001,0.01366433616244941,43.635185,0.0003298192541172197,0.884631286261432,0.8937761135725966,0.884631286261432
2022-02-25,44.299999,44.93,43.740002,0.013537910150266567,43.231518,0.0002749526799377394,0.9064278996651566,0.9185783819350889,0.9064278996651566
2022-02-28,43.299999,46.619999,42.459999,0.014176207333726282,45.269535,0.0007457650166222679,0.9039949478198841,0.9136427032012843,0.9039949478198841
2022-03-01,45.619999,48.049999,45.349998,0.014734332232450567,47.051563,0.0005676372880729729,0.8886203277556416,0.8958888157787246,0.8886203277556416
2022-03-02,48.0,50.299999,47.330002,0.015249286348287941,48.695759,0.0004738844336670731,0.90685724410844,0.9136055704994049,0.90685724410844
2022-03-03,49.82,50.330002,47.547001,0.015267788024280582,48.754837,0.000279197024453097,0.9016210592313597,0.9107332817436328,0.9016210592313597
2022-03-04,49.169998,51.040001,48.25,0.015724155092647914,50.211967,0.000342848718073889,0.8937565594289945,0.9053903315356154,0.8937565594289945
2022-03-07,51.060001,52.580002,49.869999,0.015924587192089067,50.851925,0.000367412019824673,0.8647292404010849,0.8817020442295037,0.8647292404010849
2022-03-08,51.18,55.32,50.849998,0.016131185180651212,51.51157,0.0005219331084028361,0.8578256543527347,0.8762141279533493,0.8578256543527347
2022-03-09,52.439999,53.68,50.59,0.015825913231360993,50.536873,0.0004110277125110624,0.8821733461152278,0.8956303721736443,0.8821733461152278
2022-03-10,50.57,51.639999,49.27,0.015822829053375988,50.52702,0.0003628038743508562,0.8780025715233323,0.8922979349761829,0.8780025715233323
2022-03-11,51.419998,51.84,48.290001,0.015206116798825536,48.55793,0.0004088044844315894,0.8654607161192714,0.8854690825697612,0.8654607161192714
2022-03-14,51.860001,51.860001,48.59,0.015708737594640282,50.162743,0.00039297240568382676,0.8583731253095139,0.8855002740393397,0.8583731253095139
2022-03-15,51.34,51.59,49.900002,0.015813578677913855,50.497486,0.00028528732197989593,0.8786681689936073,0.9032972353960794,0.8786681689936073
2022-03-16,51.709999,52.400002,50.349998,0.01596158931064984,50.970074,0.0004028354538909436,0.9003421125563938,0.918707603737629,0.9003421125563938
2022-03-17,51.880001,52.709999,50.91,0.015721072148087416,50.202118,0.00030242638935619725,0.9125659350395042,0.9311146791511761,0.9125659350395042
2022-03-18,50.650002,51.41,48.880001,0.015110525782657962,48.252716,0.001302111000873432,0.9242536448844404,0.9392592174505875,0.9242536448844404
2022-03-21,48.91,49.43,48.599998,0.015175281494454141,48.459469,0.0003303716926096948,0.9238129421225517,0.9332603551965729,0.9238129421225517
2022-03-22,50.349998,52.049999,50.009998,0.01576732464211032,50.349808,0.0005176483415587608,0.935268942267938,0.9408196821143656,0.935268942267938
2022-03-23,50.700001,51.77,50.700001,0.015721072148087416,50.202118,0.00032285313946820414,0.92269074024434,0.9274828038457595,0.92269074024434
2022-03-24,51.18,52.580002,50.766998,0.016158937232105982,51.600178,0.00031463393262894015,0.9372112147494581,0.9378633249215386,0.9372112147494581
2022-03-25,52.240002,53.82,52.029999,0.01658755194066242,52.968704,0.0003289164887758579,0.9424133246707224,0.9424172794800231,0.9424133246707224
2022-03-28,54.380001,56.849998,54.049999,0.01750645319994259,55.902657,0.00042132193222450126,0.949787145109335,0.9452289676663285,0.949787145109335
2022-03-29,57.0,57.389999,54.630001,0.01736769386773712,55.45961,0.00029659209991127704,0.9625266352571297,0.9552785621029586,0.9625266352571297
2022-03-30,56.169998,57.790001,55.700001,0.017728469919936877,56.611538,0.00026058927913338625,0.9559047355101927,0.9533363732638603,0.9559047355101927
2022-03-31,58.34,59.080002,55.779999,0.017343024760842846,55.380844,0.0005143741329326277,0.9395396700635611,0.9369843196026503,0.9395396700635611
2022-04-01,56.360001,58.299999,55.700001,0.017888815106119997,57.123497,0.00029055569882276844,0.9430493905126235,0.9411408057202183,0.9430493905126235
2022-04-04,58.360001,58.700001,57.529999,0.017999823620295202,57.477936,0.00025398696544282995,0.9514045696787413,0.9442186611135946,0.9514045696787413
2022-04-05,58.650002,60.32,58.450001,0.018191004110849715,58.088356,0.00028875016814004485,0.9383379599551117,0.9358801415795656,0.9383379599551117
2022-04-06,58.900002,60.080002,58.369999,0.018376017170502596,58.679089,0.00034484288629062844,0.9283494545735403,0.931582551194856,0.9283494545735403
2022-04-07,59.759998,61.07,59.349998,0.018779964313945394,59.968842,0.0005289531194901418,0.9326792456259113,0.9341687696153497,0.9326792456259113
2022-04-08,61.220001,64.900002,60.900002,0.019738950944702963,63.030785,0.000641637097845494,0.9299691508066675,0.9382548521301545,0.9299691508066675
2022-04-11,64.18,64.662003,60.41,0.018709042404672093,59.742393,0.00046992304545273936,0.9127612981195167,0.9259850191827538,0.9127612981195167
2022-04-12,61.0,63.209999,60.880001,0.019075985887773483,60.914009,0.00034398054327798436,0.9093356292281339,0.9233791946956676,0.9093356292281339
2022-04-13,62.040001,64.550003,61.75,0.019794455047612503,63.208004,0.0004588742756032369,0.9204985847535018,0.9336049466700133,0.9204985847535018
2022-04-14,64.120003,64.720001,62.181,0.019285668054320637,61.583508,0.00025061843804968895,0.908231600659691,0.9302374562019781,0.908231600659691
2022-04-18,62.290001,64.169998,62.290001,0.019520019327762064,62.331764,0.00016393949116938524,0.908027150924794,0.9290628745761301,0.908027150924794
2022-04-19,63.630001,66.889999,62.880001,0.02056842954378557,65.679214,0.00028008631568488625,0.9240469234858225,0.9439013993087374,0.9240469234858225
2022-04-20,67.82,68.68,65.065002,0.020167568120108417,64.399307,0.00029409938964035273,0.9234199442988055,0.9513157601583931,0.9234199442988055
2022-04-21,65.0,66.300003,62.150002,0.019322670481237536,61.701649,0.00033599039630145393,0.9084746686778461,0.9403830015402644,0.9084746686778461
2022-04-22,62.5,64.456001,62.290001,0.019248665627403738,61.465355,0.00027357832076133786,0.8807876312453713,0.9112305628872012,0.8807876312453713
2022-04-25,62.360001,62.84,59.439999,0.0191993286470397,61.307831,0.0003047169879835331,0.8863168607424704,0.9183024116947215,0.8863168607424704
2022-04-26,61.799999,62.220001,59.91,0.018483942740117307,59.023674,0.0002878608769082556,0.8588479030272189,0.8942618093131786,0.8588479030272189
2022-04-27,60.009998,61.189999,59.73,0.018527112289579713,59.161518,0.0002683368921376105,0.8608378804468816,0.896096164786019,0.8608378804468816
2022-04-28,60.220001,61.349998,58.799999,0.01890330707321161,60.362663,0.00045198900561165673,0.8843586866149029,0.9143494127834523,0.8843586866149029
2022-04-29,61.5,61.860001,59.150002,0.018255758589221387,58.295113,0.0003474029671094156,0.849018414106123,0.8864499800226062,0.849018414106123
2022-05-02,59.299999,59.990002,56.900002,0.017944319517385662,57.300716,0.00033524932027496294,0.8543454655320463,0.8889539123757353,0.8543454655320463
2022-05-03,58.450001,60.450001,58.450001,0.0184068537082985,58.777538,0.00029967767100339416,0.8589115096114089,0.8909528399833051,0.8589115096114089
2022-05-04,60.119999,62.294998,59.842999,0.019057485136849225,60.854939,0.0003542073924435604,0.8872368845495062,0.9186470031681618,0.8872368845495062
2022-05-05,61.220001,61.990002,59.169998,0.018548697218488976,59.230431,0.00026230049104910186,0.8524122797054104,0.8870666799354188,0.8524122797054104
2022-05-06,60.259998,61.23,58.700001,0.018582616392489253,59.338726,0.0003854808007614812,0.8470670549697187,0.8841376524111748,0.8470670549697187
2022-05-09,60.57,60.57,56.57,0.017765472346853776,56.729683,0.00029556806758376217,0.8170583772143041,0.8647196258211897,0.8170583772143041
2022-05-10,58.25,59.869999,56.735001,0.0175866264097464,56.158642,0.0002905152764940507,0.8192868793246797,0.8621957903398533,0.8192868793246797
2022-05-11,57.110001,59.029999,56.529999,0.017688383315034972,56.48354,0.00025289556256745225,0.8043234303939518,0.8524928668079689,0.8043234303939518
2022-05-12,57.310001,57.849998,53.080002,0.01648579503537385,52.773502,0.0005100624178694073,0.803164881896203,0.8494090701822917,0.803164881896203
2022-05-13,54.529999,55.901001,53.630001,0.016837321020467602,53.898659,0.0003122490152345963,0.8244753592636174,0.8632628356610585,0.8244753592636174
2022-05-16,54.419998,57.130001,54.34,0.017447865844116422,55.852867,0.00021987052000509808,0.8208679572745486,0.8640577725428918,0.8208679572745486
2022-05-17,56.849998,59.48,55.98,0.018289678071577786,58.547306,0.0002984515270322909,0.8392320867957274,0.8768661781983509,0.8392320867957274
2022-05-18,59.419998,60.255001,56.93,0.0176606312635802,56.533878,0.0006210217101994711,0.8017110171147143,0.8422727590043088,0.8017110171147143
2022-05-19,57.130001,57.509998,54.919998,0.017645213765572567,56.484528,0.0002938703297776191,0.7965111788571713,0.8352341810976723,0.7965111788571713
2022-05-20,57.509998,58.939999,55.490002,0.017466367828465192,55.912086,0.000305336797023871,0.7966406636892727,0.8354947041340579,0.7966406636892727
2022-05-23,57.5,57.59,55.860001,0.01745094878867692,55.862732,0.00021311999110924356,0.8130852373661421,0.8538632120381249,0.8130852373661421
2022-05-24,56.549999,57.360001,55.07,0.01750645319994259,56.040386,0.0002266614712296703,0.8057545785382297,0.8553003961316635,0.8057545785382297
2022-05-25,56.880001,59.34,56.880001,0.01824342403577425,58.399258,0.0002660597676198472,0.814216525899238,0.860993879045422,0.814216525899238
2022-05-26,59.18,63.042999,59.169998,0.019261000180850873,61.656277,0.00043925597206558384,0.8321876575966706,0.8763492909881901,0.8321876575966706
2022-05-27,62.400002,66.639999,62.0,0.02053451006142917,65.732475,0.0003764261991287183,0.854995161356274,0.8934532075970536,0.854995161356274
2022-05-31,65.540001,66.389999,61.369999,0.019140741599569664,61.271355,0.0009956289045358932,0.8490683907079865,0.8868334865676164,0.8490683907079865
2022-06-01,62.380001,63.919998,62.150002,0.019624860719391766,62.820904,0.0002706274907649464,0.8420444064824194,0.8815787636592644,0.8420444064824194
2022-06-02,63.689999,64.120003,61.98,0.019655695715407033,62.919601,0.000236928742723964,0.8592159125500332,0.8945024292213568,0.8592159125500332
2022-06-03,63.259998,65.82,63.119999,0.020093560799425602,64.321106,0.00024164468107436138,0.8437049926625261,0.8841474554444708,0.8437049926625261
2022-06-06,65.57,66.940002,65.385002,0.0204697555830575,65.525215,0.0002739421217197971,0.8466331671989932,0.884625130521447,0.8466331671989932
2022-06-07,65.519997,66.699997,65.161003,0.020519093796846046,65.683121,0.0003667113661268997,0.8555494473042166,0.8924782513765092,0.8555494473042166
2022-06-08,66.440002,66.470001,63.130001,0.019970218040159384,63.926315,0.0002589858600942511,0.8453474055328641,0.88448016445331,0.8453474055328641
2022-06-09,64.260002,64.459999,61.16,0.018872470843771836,60.412689,0.00024400265024956006,0.8230964593849243,0.8655243657363191,0.8230964593849243
2022-06-10,59.849998,61.060001,59.209999,0.01843460575975327,59.011185,0.00020759560618449234,0.7965270805032189,0.8393829436132495,0.7965270805032189
2022-06-13,58.27,58.990002,55.200001,0.017105590542840922,54.757328,0.00028472140937784823,0.7621727100493859,0.8133588608281186,0.7621727100493859
2022-06-14,56.029999,56.48,53.32,0.016784899862118563,53.730869,0.0003139871753694571,0.7589583058840632,0.8088461978341237,0.7589583058840632
2022-06-15,55.700001,59.555,55.68,0.017944319517385662,57.441891,0.0005243584481258976,0.7713411448276487,0.817867959082733,0.7713411448276487
2022-06-16,56.330002,58.349998,56.080002,0.017962819959953795,57.501106,0.0006517292059153443,0.7433497044565498,0.7958420285743566,0.7433497044565498
2022-06-17,58.549999,59.5,55.485001,0.017913482979589758,57.343201,0.0008729336627681262,0.7451829370794582,0.7947045796503881,0.7451829370794582
2022-06-21,58.099998,60.939999,58.099998,0.018616535874845654,59.593498,0.0005879427711988267,0.7656165522505372,0.8137601910700307,0.7656165522505372
2022-06-22,59.279999,60.43,58.865002,0.018255758589221387,58.438736,0.0004356583848097093,0.7645034370272098,0.8123604367399864,0.7645034370272098
2022-06-23,59.880001,61.23,57.790001,0.01808308008301564,57.886036,0.0003594218728481426,0.7726450798035465,0.8181302644888089,0.7726450798035465
2022-06-24,58.84,60.34,57.98,0.01827734351813065,58.507824,0.000872259957289498,0.7989986506317495,0.8425879413778607,0.7989986506317495
2022-06-27,59.119999,59.870998,58.419998,0.018320513067593056,58.646,0.00023159299533322868,0.7963567057241382,0.840733682776813,0.7963567057241382
2022-06-28,59.84,60.91,57.830002,0.017907317090468763,57.323456,0.00018885311976905592,0.7785105155313647,0.8261399368149944,0.7785105155313647
2022-06-29,57.959999,58.154999,56.32,0.01766988256411071,56.563488,0.00019026790127417515,0.777892622999232,0.8285853480299615,0.777892622999232
2022-06-30,56.900002,58.834,56.549999,0.01765446383267857,56.514133,0.00032665283836766715,0.7702939078522327,0.8210435477474559,0.7702939078522327
2022-07-01,56.720001,58.09,56.619999,0.017759304915952144,56.849709,0.00020639641043253417,0.7793692044179314,0.8306038817041235,0.7793692044179314
2022-07-05,57.150002,57.369999,52.889999,0.016939077925756173,54.224354,0.00036324851996675074,0.7807458326329035,0.826758716159112,0.7807458326329035
2022-07-06,55.130001,57.220001,54.560001,0.017500285769040957,56.020653,0.00023128309081305972,0.7838557402670566,0.8288339886017457,0.7838557402670566
2022-07-07,57.57,59.900002,57.57,0.018224923593206117,58.340042,0.00025223533119839663,0.7969268933181282,0.8391381648424606,0.7969268933181282
2022-07-08,58.939999,59.810001,57.419998,0.018391436210290865,58.873009,0.0002824038625313672,0.7961908742724996,0.8377597989486989,0.7961908742724996
2022-07-11,59.650002,60.139999,58.41,0.018450023257760906,59.060532,0.00023911154847471936,0.7859797458462627,0.8328787795520607,0.7859797458462627
2022-07-12,59.41,61.110001,58.919998,0.018261926020123016,58.458477,0.0002436523234006734,0.7778858080080688,0.8271600464010243,0.7778858080080688
2022-07-13,58.150002,60.279999,58.150002,0.0184438561352154,59.040791,0.00021250018206890562,0.7740194363547974,0.8209651234810867,0.7740194363547974
2022-07-14,58.290001,58.970001,57.09,0.017857978876680218,57.165543,0.0003514721482003299,0.7714297397127707,0.8167284307274592,0.7714297397127707
2022-07-15,54.959999,56.646,52.639999,0.017161094645750462,54.934982,0.000698767322433165,0.7879629082747621,0.8362777585512897,0.7879629082747621
2022-07-18,56.330002,56.669998,54.59,0.01689899224592265,54.096054,0.0003480362502593261,0.7806231627919654,0.8298716248230625,0.7806231627919654
2022-07-19,55.439999,55.5,54.169998,0.016957579601748814,54.283577,0.0003134212627674094,0.8046664516158343,0.8522831413077542,0.8046664516158343
2022-07-20,55.16,55.345001,53.369999,0.016670808403382857,53.365688,0.00037774666186682956,0.8099389831124518,0.853702798766006,0.8099389831124518
2022-07-21,53.860001,54.855,53.310001,0.016698560454837624,53.454517,0.0002447841486047688,0.8188098299432537,0.8585169792992613,0.8188098299432537
2022-07-22,54.790001,55.599998,53.419998,0.01664922347447359,53.296608,0.00020251586687563574,0.810331980936198,0.8544291144147662,0.810331980936198
2022-07-25,53.98,55.060001,53.369999,0.01694524504830168,54.244099,0.000248947648462691,0.8115155177348786,0.8571249485712078,0.8115155177348786
2022-07-26,55.400002,56.669998,54.889999,0.017111757665386428,54.777065,0.00026859290021948924,0.8011135695560714,0.8503370906676607,0.8011135695560714
2022-07-27,55.029999,55.759998,54.18,0.017121008040848557,54.806671,0.00020980536015439283,0.8244117526794272,0.8632904623912567,0.8244117526794272
2022-07-28,62.580002,65.940002,62.189999,0.019914713628893712,63.748661,0.0011399770403867705,0.8355020149657204,0.873154096256875,0.8355020149657204
2022-07-29,63.849998,66.599998,63.639999,0.02038033199779156,65.238983,0.0005248300419609373,0.8486458612558664,0.8825263902112255,0.8486458612558664
2022-08-01,66.050003,66.599998,64.129997,0.020133648637752015,64.449409,0.0003685303709191958,0.8459971013570918,0.8811382212841676,0.8459971013570918
2022-08-02,65.300003,66.790001,64.989998,0.020300158787987743,64.982376,0.00023213195971613125,0.8397636561064591,0.8691895119426194,0.8397636561064591
2022-08-03,66.629997,67.379997,65.540001,0.02071027305397605,66.295052,0.00030809898948624666,0.8542977605939036,0.8815570781613667,0.8542977605939036
2022-08-04,65.510002,68.370003,65.510002,0.02079969663924199,66.581284,0.0003268549500112556,0.8535640132119959,0.8790118542437478,0.8535640132119959
2022-08-05,69.760002,75.980003,69.75,0.02290885378322904,73.332176,0.0005681627783463029,0.8520306402002696,0.8812888315229903,0.8520306402002696
2022-08-08,77.010002,77.629997,74.970001,0.02339913879217214,74.901466,0.00042894827824257244,0.8508652767113578,0.8821523896378967,0.8508652767113578
2022-08-09,75.75,76.769997,75.019997,0.023346718867247603,74.733688,0.00039689337156944285,0.846869420225985,0.8804255704696989,0.846869420225985
2022-08-10,76.050003,77.199997,75.5,0.023778418062145174,76.115448,0.0002876048688263769,0.8668078127058694,0.8963213374902155,0.8668078127058694
2022-08-11,77.120003,80.059998,76.68,0.02430570673142968,77.803169,0.00034225585725269615,0.8661331285807099,0.8971281568366501,0.8661331285807099
2022-08-12,79.650002,81.68,79.040001,0.025129016974542277,80.582535,0.00029248249649164505,0.8826890137799119,0.9097348576555006,0.8826890137799119
2022-08-15,80.25,82.43,80.25,0.025036509211291327,80.285904,0.00026678736953676565,0.8865485704420203,0.9142320734455137,0.8865485704420203
2022-08-16,81.099998,82.110001,80.900002,0.02509818197852701,80.483658,0.0002531380965397584,0.8883795314012074,0.9213487785569042,0.8883795314012074
2022-08-17,80.419998,81.449997,79.099998,0.02457397502037849,78.802788,0.0003371356956151219,0.8813010272463345,0.9162485276883704,0.8813010272463345
2022-08-18,79.419998,82.144997,79.419998,0.025159851970557544,80.681396,0.00026133035515987725,0.8835045410557782,0.9168046270317157,0.8835045410557782
2022-08-19,80.309998,81.279999,79.849998,0.024925500697116118,79.929955,0.00022958535300691667,0.870951327333112,0.9081215160242461,0.870951327333112
2022-08-22,80.75,80.75,79.519997,0.024558558755795365,78.753349,0.00023236101957886484,0.850395042321095,0.8890165923765077,0.850395042321095
2022-08-23,80.269997,80.889999,79.599998,0.024589393751810632,78.852226,0.00014359358571481372,0.8482914817153785,0.8844412493817403,0.8482914817153785
2022-08-24,79.660004,80.815002,79.309998,0.024780575475789653,79.465248,0.00019269324099723665,0.8510265648355543,0.8862129248538085,0.8510265648355543
2022-08-25,80.010002,82.830002,79.764999,0.025511377955651303,81.808563,0.0002090642841279018,0.8642817226480328,0.8957946472467585,0.8642817226480328
2022-08-26,82.739998,83.230003,80.599998,0.02492241898598013,79.920067,0.00022109666397620138,0.8321467676496911,0.8658395481098712,0.8321467676496911
2022-08-29,79.650002,81.989998,79.150002,0.024974838910904663,80.08815,0.00016049011911880887,0.8260019172841805,0.8603614348670129,0.8260019172841805
2022-08-30,81.580002,81.580002,78.980003,0.024570893000886378,78.7929,0.00024289777326460982,0.8159043720439975,0.851208372384558,0.8159043720439975
2022-08-31,80.260002,82.389999,79.57,0.02515676779257254,80.671516,0.00040643304114681815,0.8088258678891245,0.8428775764525198,0.8088258678891245
2022-09-01,81.589996,82.940002,81.160004,0.025443539299294625,81.591042,0.00032620819275177253,0.8115177893985996,0.847214378970414,0.8115177893985996
2022-09-02,82.580002,83.690002,80.959999,0.024996423839813927,80.157372,0.0003007555997691993,0.8018427736105368,0.8371742905054651,0.8018427736105368
2022-09-06,81.699997,82.699997,81.080002,0.025363368247983704,81.333977,0.0002712607739148569,0.7981922100107676,0.8320309657027511,0.7981922100107676
2022-09-07,82.599998,84.459999,81.683998,0.025560716169439848,81.966774,0.0002370095873813994,0.8144754955634406,0.8449822579950419,0.8144754955634406
2022-09-08,82.870003,85.949997,82.870003,0.02645186506890912,84.824234,0.00029431497539351373,0.8204522428135916,0.850722676643976,0.8204522428135916
2022-09-09,86.5,87.809998,85.434998,0.026982237916178636,86.524879,0.0002567087355764878,0.8343502814591349,0.8619275437014767,0.8343502814591349
2022-09-12,88.559998,88.660004,87.459999,0.02717341717330864,87.137886,0.00023360063765954072,0.8441297937783673,0.8687489695675228,0.8441297937783673
2022-09-13,86.900002,88.029999,85.769997,0.026633793950576995,85.407593,0.0002659923970719844,0.8037577861274039,0.8308329162093155,0.8037577861274039
2022-09-14,86.379997,88.529999,86.260002,0.027148750533263384,87.0588,0.0004850948928314463,0.8067836422038772,0.8317276657938005,0.8067836422038772
2022-09-15,87.879997,88.260002,86.309998,0.026763305374169353,85.822868,0.000489339237346804,0.7966383920255515,0.8265804791900911,0.7966383920255515
2022-09-16,86.610001,86.860001,84.892998,0.02638402641255244,84.606712,0.0008415255133544797,0.7902731902790965,0.8224394402765048,0.7902731902790965
2022-09-19,85.400002,89.699997,85.25,0.027552696443281673,88.35405,0.0005938444311916097,0.7963067291222744,0.8282992776946829,0.7963067291222744
2022-09-20,88.410004,90.18,87.559998,0.027056242770012433,86.762169,0.0006232988347172345,0.7863204954044242,0.8189878813714145,0.7863204954044242
2022-09-21,88.790001,90.089996,87.230003,0.026911315081836952,86.297462,0.00029036706128875254,0.7713275148453222,0.8034678972939171,0.7713275148453222
2022-09-22,88.0,88.0,84.629997,0.02632543782330177,84.418846,0.000251049609556011,0.7640718209202054,0.8002863673968935,0.7640718209202054
2022-09-23,83.785004,84.339996,82.154999,0.0258536532569268,82.906059,0.0003609309731202698,0.749360526662517,0.7858411522425923,0.749360526662517
2022-09-26,83.669998,84.949997,81.650002,0.025566882058560843,81.986534,0.0002658711300858313,0.7406850429117275,0.7760500014110426,0.7406850429117275
2022-09-27,83.690002,85.415001,83.080002,0.02589065691726821,83.024727,0.00023952924587146885,0.7389245035278936,0.7723123721706737,0.7389245035278936
2022-09-28,84.110001,85.529999,83.18,0.026214429617482687,84.062904,0.00021076202193404486,0.7552236907266142,0.7886136282957129,0.7552236907266142
2022-09-29,85.050003,86.209999,82.07,0.025603885718902254,82.105186,0.0002457138621652757,0.7373752288701197,0.7750043445261198,0.7373752288701197
2022-09-30,83.279999,84.449997,82.220001,0.025650139446349664,82.253502,0.00044029347850267126,0.7249151533600177,0.7601482931582253,0.7249151533600177
2022-10-03,85.029999,86.910004,83.870003,0.026698548428948664,85.615227,0.0002730663045975804,0.7459984643553244,0.7828847950497652,0.7459984643553244
2022-10-04,88.300003,89.464996,87.160004,0.027546527778955533,88.334267,0.00022623029972334825,0.7715546812174299,0.8074051519395894,0.7715546812174299
2022-10-05,87.68,89.470001,85.589996,0.027185751726755775,87.177444,0.00023803361970891425,0.7698168584708068,0.8061441253837663,0.7698168584708068
2022-10-06,88.230003,89.908997,85.949997,0.026602958954561728,85.308716,0.0002259877657510421,0.761011889887916,0.7958381667733612,0.761011889887916
2022-10-07,85.709999,85.75,83.370003,0.026020165874011552,83.439987,0.0002717862641881869,0.7371912241087126,0.7771188291019381,0.7371912241087126
2022-10-10,84.949997,85.629997,83.93,0.026121924012724628,83.766281,0.00013241007476958567,0.7309963971413382,0.7743291234751455,0.7309963971413382
2022-10-11,84.410004,85.32,82.550003,0.025554547505113708,81.946991,0.00020670631495270313,0.7256466290782042,0.7754077541993372,0.7256466290782042
2022-10-12,83.110001,83.589996,81.68,0.025332533251968437,81.2351,0.00025308420010146816,0.7229637942236135,0.7745658815823283,0.7229637942236135
2022-10-13,80.559998,84.32,79.300003,0.025844403189820796,82.876404,0.00037005294530089556,0.7440630068649676,0.7991587215062211,0.7440630068649676
2022-10-14,84.209999,84.760002,80.709999,0.02505501212070848,80.34523,0.00022814362328265234,0.7243358791111434,0.7871606999365773,0.7243358791111434
2022-10-17,83.220001,86.290001,83.139999,0.026266851700900113,84.230988,0.00022620335150420312,0.7458894244967127,0.8035284978633842,0.7458894244967127
2022-10-18,86.5,87.400002,84.510002,0.026673881788903408,85.536125,0.00021542406384615197,0.7554372271163954,0.8135685863283332,0.7554372271163954
2022-10-19,85.089996,86.230003,84.559998,0.026421029764537727,84.725365,0.00017862627060347993,0.7497989577606846,0.8105982672395995,0.7497989577606846
2022-10-20,86.370003,86.730003,84.18,0.026072586107292208,83.60807,0.00027977641116471726,0.7431248097481633,0.8079181773487547,0.7431248097481633
2022-10-21,84.699997,87.459999,83.660004,0.026911315081836952,86.297462,0.00023567565053371557,0.7628814691303616,0.8301672011300223,0.7628814691303616
2022-10-24,87.568001,87.709999,85.57,0.0270038228450879,86.594086,0.0001785184777268994,0.7730108176626397,0.842556452846667,0.7730108176626397
2022-10-25,87.5,88.559998,86.75,0.02717958583763478,87.157669,0.00022193205876970036,0.7870428844677264,0.8525709940127231,0.7870428844677264
2022-10-26,89.68,89.68,87.330002,0.02737384927274979,87.780571,0.00018459530114412574,0.7805663711989386,0.8526413976154863,0.7805663711989386
2022-10-27,89.805,93.139999,89.805,0.028687446991654503,91.992622,0.0004508032839692711,0.7752733947288314,0.8584094429946186,0.7752733947288314
2022-10-28,92.889999,95.251999,91.82,0.028906379533663783,92.694618,0.000263809591321229,0.7965725137776404,0.8830215919234888,0.7965725137776404
2022-10-31,94.139999,95.419998,93.375,0.02914998118256734,93.475731,0.0003067381044194177,0.7899665156767512,0.8791939530137642,0.7899665156767512
2022-11-01,95.239998,96.239998,94.004997,0.02945216895387255,94.444695,0.00019770560975823043,0.7863591136876824,0.876824886633861,0.7863591136876824
2022-11-02,94.68,96.290001,92.980003,0.028702863256237627,92.042053,0.0002649009941966067,0.7644580037527884,0.861810204363538,0.7644580037527884
2022-11-03,92.160004,95.449997,92.160004,0.029109895811089942,93.347191,0.0001999962083855663,0.7554167821429056,0.8574579546416619,0.7554167821429056
2022-11-04,95.089996,96.209999,92.745003,0.02908214252621066,93.258202,0.00026600587118155695,0.766925030553877,0.8693989403812191,0.766925030553877
2022-11-07,95.059998,95.059998,92.959999,0.028829290501844976,92.447441,0.0002856780711575003,0.7751598115427776,0.8819878175031673,0.7751598115427776
2022-11-08,89.559998,93.105003,86.080002,0.026991488291640765,86.554535,0.0005854904832566201,0.7800007269323906,0.8919046253978768,0.7800007269323906
2022-11-09,87.0,89.919998,86.330002,0.02693289970239009,86.366669,0.00030200869195944773,0.7619319136949518,0.8726880065828853,0.7619319136949518
2022-11-10,90.5,95.839996,88.199997,0.02933499424222022,94.068977,0.0006582776231676104,0.8091370858189119,0.9083778801980212,0.8091370858189119
2022-11-11,95.290001,95.870003,91.605003,0.028462346093675202,91.270836,0.00042215732701800023,0.8174422883831659,0.9093430333852696,0.8174422883831659
2022-11-14,92.0,94.720001,92.0,0.02895879945858832,93.004768,0.00026906449405452896,0.8093369922263667,0.9030702803221928,0.8093369922263667
2022-11-15,94.510002,94.75,92.650002,0.028829290501844976,92.588867,0.00034185163396551925,0.8171696887366369,0.904740360721919,0.8171696887366369
2022-11-16,94.309998,94.519997,91.279999,0.02826808235020407,90.786606,0.0001865490470321475,0.8096868284394123,0.9035791468687477,0.8096868284394123
2022-11-17,90.43,91.459999,88.870003,0.027765462787813833,89.172493,0.00024150993997863575,0.8069085837085364,0.9033560535958565,0.8069085837085364
2022-11-18,90.120003,93.440002,90.026001,0.028767620201458316,92.390816,0.000338954700407418,0.8111747681767172,0.9092785710148069,0.8111747681767172
2022-11-21,94.07,94.220001,92.760002,0.028795371019488578,92.479935,0.00023508278971252273,0.80767640604626,0.9079296142209335,0.80767640604626
2022-11-22,94.559998,96.360001,94.089996,0.02968343604932897,95.331871,0.00021120666754993948,0.8198616102461119,0.9197473193902511,0.8198616102461119
2022-11-23,96.029999,97.889999,94.415001,0.02979136254401206,95.678467,0.00015303893652518104,0.82524090993762,0.9225979226481259,0.82524090993762
2022-11-25,96.599998,97.449997,96.0,0.02995787516109681,96.213203,8.510247606031373e-05,0.8249819402734173,0.9271420741733144,0.8249819402734173
2022-11-28,96.07,96.589996,94.379997,0.029233236411863265,93.886101,0.00021423834220376636,0.8108567352557665,0.912361179394024,0.8108567352557665
2022-11-29,94.690002,95.110001,93.32,0.02911606170021094,93.509804,0.00019350168757159049,0.8094233154477676,0.9124523773098395,0.8094233154477676
2022-11-30,94.139999,96.940002,93.760002,0.02963718448037445,95.18335,0.00045295914150088134,0.837246652703507,0.9343529478166711,0.837246652703507
2022-12-01,97.0,97.779999,93.879997,0.02912839625365807,93.549408,0.00023559480587628017,0.836442483746246,0.928567375802252,0.836442483746246
2022-12-02,92.989998,93.489998,91.040001,0.02837909086437928,91.143097,0.00024908238955841664,0.8353361835140819,0.9296032296538784,0.8353361835140819
2022-12-05,91.010002,91.610001,89.800003,0.027768544807305947,89.182388,0.00032296093234478467,0.8187848416423219,0.9152616890032245,0.8187848416423219
2022-12-06,89.860001,90.879997,89.800003,0.02799056152730024,89.89537,0.00016672863185090598,0.8057046019363661,0.9048419557942609,0.8057046019363661
2022-12-07,90.879997,93.199997,90.589996,0.02835750593547001,91.073776,0.00016668820952218827,0.8040372007650962,0.9048888915294364,0.8040372007650962
2022-12-08,92.330002,92.985001,90.93,0.028184827429264266,90.519241,0.0001350510002458082,0.8107590537157603,0.9103417545350169,0.8107590537157603
2022-12-09,91.360001,91.860001,89.690002,0.027663704649100753,88.845703,0.0001865490470321475,0.8041416972962657,0.9012807811532227,0.8041416972962657
2022-12-12,89.980003,90.919998,89.07,0.028021396523315506,89.9944,0.00020938766275764334,0.8169039040812709,0.9169828640007366,0.8169039040812709
2022-12-13,91.980003,92.709999,90.389999,0.028009061969868368,89.954781,0.0002196010378136468,0.8235121738458812,0.9200604223324981,0.8235121738458812
2022-12-14,91.540001,92.290001,89.879997,0.028012146147853377,89.964684,0.0003451393167012249,0.8179852160125032,0.9158335326121666,0.8179852160125032
2022-12-15,90.809998,90.849998,89.43,0.02765753629313074,88.825897,0.00030249375990406007,0.795366260341749,0.8931341634225062,0.795366260341749
2022-12-16,88.150002,88.599998,85.93,0.027195002102217904,87.340515,0.0005270532700404104,0.785509511456,0.8847641553572833,0.785509511456
2022-12-19,88.379997,88.669998,87.0,0.02705007657253531,86.875099,0.00016680947650834135,0.7776268383438661,0.879924427525135,0.7776268383438661
2022-12-20,88.0,88.120003,87.125,0.026997654489117884,86.706741,0.00017603924156554763,0.7785264171774122,0.8826633356157566,0.7785264171774122
2022-12-21,87.989998,90.169998,86.709999,0.027642120028547615,88.77639,0.00018990410031571593,0.7914340104405664,0.8983107591261041,0.7914340104405664
2022-12-22,89.129997,89.375,86.529999,0.026926733813269092,86.478996,0.00020860616440243463,0.7787013352839351,0.8879436058230016,0.7787013352839351
2022-12-23,87.519997,88.230003,87.129997,0.02714566635527838,87.182068,8.092550209281892e-05,0.7837966770103088,0.8931849609586772,0.7837966770103088
2022-12-27,88.440002,88.910004,87.269997,0.027022323287656032,86.785965,8.546627701877295e-05,0.7802596965965933,0.8943028038160533,0.7802596965965933
2022-12-28,87.949997,88.339996,86.419998,0.026704717093274804,85.766014,0.00010131182987610812,0.7698032284884803,0.8834348046300022,0.7698032284884803
2022-12-29,87.160004,87.690002,86.279999,0.026754052840214333,85.924446,0.00011731907204831406,0.7848098390299086,0.8936861039032411,0.7848098390299086
2022-12-30,86.599998,86.599998,85.120003,0.026581374025652457,85.369904,0.0001809842397786786,0.7825881519106962,0.8915012157246595,0.7825881519106962
2023-01-03,86.0,86.120003,80.790001,0.02525544422014963,81.111809,0.0005430739863221889,0.7790988764351234,0.8911780126875015,0.7790988764351234
2023-01-04,81.949997,83.739998,81.290001,0.025717978411062468,82.597198,0.0003519572161449422,0.7856480829429856,0.8951408146320667,0.7856480829429856
2023-01-05,82.919998,83.919998,81.885002,0.02540962228378724,81.606941,0.00025684347667221345,0.7754551278265175,0.8850499286309469,0.7754551278265175
2023-01-06,83.620003,85.160004,83.080002,0.025745729229092726,82.68631,0.0002578944572188735,0.7952140588724369,0.9058599859489855,0.7952140588724369
2023-01-09,83.849998,85.209999,83.580002,0.02589990729273034,83.181442,0.00017535206197734688,0.7945348314198352,0.9025043779455515,0.7945348314198352
2023-01-10,83.400002,83.489998,81.580002,0.025616220272349385,82.270409,0.00018548459237591495,0.8007046700862777,0.9080430917578769,0.8007046700862777
2023-01-11,83.0,84.375,82.440002,0.02593382677508674,83.290375,0.0002285343724602567,0.8121447685856167,0.9160313756477799,0.8121447685856167
2023-01-12,83.879997,84.800003,82.769997,0.02600474714257941,83.518127,0.00020165352386299166,0.8152251445913957,0.9224764244475766,0.8152251445913957
2023-01-13,83.809998,85.705002,83.449997,0.02625760163379411,84.330139,0.00018406981087079575,0.8188416332353489,0.9258225264793297,0.8188416332353489
2023-01-17,83.93,85.019997,83.0,0.02570564385761533,82.557587,0.00037235701803780397,0.816997042293835,0.9141848406487231,0.816997042293835
2023-01-18,83.32,84.510002,81.769997,0.02523694100237635,81.052391,0.00028090823636881267,0.8028877389222318,0.8959485251633467,0.8028877389222318
2023-01-19,81.599998,81.790001,80.754997,0.024925500697116118,80.052231,0.0002203555879497104,0.7960704760952825,0.8884506899998661,0.7960704760952825
2023-01-20,81.120003,83.099998,80.449997,0.025591551165455115,82.191185,0.0002418602668275224,0.8128262677019394,0.8982813500262156,0.8128262677019394
2023-01-23,82.93,84.290001,82.557999,0.025943076842192745,83.320076,0.00021506026288769275,0.8235485204654184,0.9058287944794068,0.8235485204654184
2023-01-24,84.0,84.230003,82.980003,0.025872156474700078,83.092316,0.00015844205446377917,0.8228988246411906,0.9089301177403709,0.8228988246411906
2023-01-25,83.419998,83.559998,82.489998,0.02571489423307746,82.587288,0.00020684105604842876,0.822732993189552,0.9092236146160254,0.822732993189552
2023-01-26,83.629997,86.07,83.279999,0.02647961588693938,85.043114,0.00029117550786310635,0.8327760185004291,0.9153303102362976,0.8327760185004291
2023-01-27,85.879997,86.660004,84.839996,0.02669546671781267,85.736305,0.00019604829428080506,0.8350772138498792,0.9161819858866026,0.8350772138498792
2023-01-30,85.919998,86.849998,82.25,0.025406538105802234,81.597031,0.00041038095525157935,0.8230851010663188,0.9084289747958071,0.8230851010663188
2023-01-31,82.879997,85.5,82.379997,0.026319271934180773,84.528191,0.00033805193506605623,0.8364492987374091,0.9193890630825191,0.8364492987374091
2023-02-01,85.455002,85.870003,82.875,0.026334690665612916,84.577705,0.00035346631641706934,0.8461288578529143,0.9195946297201233,0.8461288578529143
2023-02-02,85.480003,86.68,83.754997,0.02631002155871864,84.498482,0.0003219638482364149,0.8598837816840297,0.9184354952982573,0.8598837816840297
2023-02-03,84.379997,85.160004,83.050003,0.02565322146584178,82.389244,0.00024349063408580262,0.8500520210992124,0.9146351860571159,0.8500520210992124
2023-02-06,83.010002,83.849998,82.510002,0.025671724375258928,82.448662,0.00020236765167033755,0.8442819952476793,0.9135957674661087,0.8442819952476793
2023-02-07,83.330002,86.269997,82.330002,0.026495034618371525,85.092636,0.0002739016993910794,0.8563036396596138,0.9214878033927406,0.8563036396596138
2023-02-08,84.75,85.0,84.139999,0.02600474714257941,83.518127,0.00027026368980648713,0.8458221832505689,0.9153184277716963,0.8458221832505689
2023-02-09,84.93,85.459999,83.93,0.02602941624947368,83.597343,0.00026610018994856487,0.8375624139607365,0.907917731756332,0.8375624139607365
2023-02-10,84.209999,87.0,84.169998,0.026766387393661467,85.96405,0.00018192742744875808,0.8395978246548206,0.9129496584534079,0.8395978246548206
2023-02-13,86.889999,87.300003,85.940002,0.026636878128562,85.548149,0.00015810520172446506,0.8502360258606196,0.9241387812453118,0.8502360258606196
2023-02-14,85.919998,87.601997,85.150002,0.026535120298205046,85.221367,0.00032108803111419827,0.8499725128689749,0.9194850139841754,0.8499725128689749
2023-02-15,84.5,86.485001,84.360001,0.026519703725265797,85.17186,0.0002735917948709104,0.8525781111570492,0.9206370189272807,0.8525781111570492
2023-02-16,85.0,87.919998,84.925003,0.026402526855120574,84.795555,0.0004092760782666291,0.8395864663362151,0.9078277220869765,0.8395864663362151
2023-02-17,85.199997,86.040001,81.900002,0.026069504087800097,83.726089,0.0004811065563979674,0.8370149430039572,0.9116847700965894,0.8370149430039572
2023-02-21,81.610001,83.010002,79.900002,0.024780575475789653,79.586815,0.0006812375058792593,0.8184440920841605,0.8909766049125077,0.8184440920841605
2023-02-22,79.309998,79.309998,76.400002,0.023988100228692327,77.041862,0.00045015652670978804,0.8170152156036037,0.888466434265463,0.8170152156036037
2023-02-23,78.0,79.445,78.0,0.02442596531271089,78.448021,0.00021353768850599305,0.8218470443383324,0.8916990587602728,0.8218470443383324
2023-02-24,77.730003,79.410004,77.480003,0.024441381885650145,78.777962,0.00020601913536450237,0.8122424501256229,0.881688379395212,0.8122424501256229
2023-02-27,79.419998,80.099998,77.995003,0.024163863221239205,77.883553,0.00017868016704177016,0.8150138798653356,0.8838322730709188,0.8150138798653356
2023-02-28,77.809998,77.989998,74.400002,0.023090782664896913,74.425156,0.0004830064058476989,0.8122674384265547,0.8769288581991233,0.8122674384265547
2023-03-01,74.129997,75.389999,72.830002,0.022924270047812164,73.888504,0.0003495588246410258,0.808005797285816,0.8770815478692512,0.808005797285816
2023-03-02,74.129997,76.730003,74.0,0.023488562377438082,75.707138,0.00026271818844585137,0.8148117017941598,0.8872330344398383,0.8148117017941598
2023-03-03,76.230003,79.199997,76.0,0.02435196045887709,78.489769,0.0003105108550997356,0.8294162278569577,0.8987412014062897,0.8294162278569577
2023-03-06,78.360001,78.879997,77.349998,0.02429645635596755,78.310883,0.00030921734058076946,0.8300477503714169,0.8999434097623358,0.8300477503714169
2023-03-07,79.07,79.07,77.32,0.024018935533063723,77.416466,0.0002969424267601637,0.81595207698214,0.8828629610210601,0.81595207698214
2023-03-08,77.75,78.449997,77.099998,0.024071355457988254,77.585411,0.00016997589225789387,0.817233295320827,0.8811382212841676,0.817233295320827
2023-03-09,78.040001,80.190002,77.400002,0.024247118142179006,78.151871,0.0004190987041450282,0.8004934053602176,0.8649917342605615,0.8004934053602176
2023-03-10,79.190002,79.779999,77.239998,0.02391101119687352,77.068642,0.0003901563167831609,0.7876062570705532,0.8547365731863273,0.7876062570705532
2023-03-13,76.93,78.605003,76.489998,0.023772249397819033,76.621429,0.0003021299589456008,0.7862818771211659,0.8520481655702616,0.7862818771211659
2023-03-14,77.5,79.099998,77.169998,0.024028185600169727,77.446274,0.00028870974581132714,0.800713756741162,0.8620371594374246,0.800713756741162
2023-03-15,77.290001,77.879997,76.349998,0.023843172540516842,76.849998,0.0002636748502255034,0.7944984848002978,0.8536947781024,0.7944984848002978
2023-03-16,76.620003,79.040001,76.029999,0.024182363663807337,77.943176,0.00026446982269028464,0.8100253063338527,0.8647448760584675,0.8100253063338527
2023-03-17,77.720001,78.459999,75.985001,0.023670491567462083,76.29348,0.0005250052053853806,0.8001117658550768,0.8533207775290711,0.8001117658550768
2023-03-20,77.059998,78.43,76.910004,0.023741414401803766,76.522049,0.00021954714137535655,0.8080466872327955,0.8646863549203058,0.8080466872327955
2023-03-21,77.580002,78.110001,75.970001,0.023593402535643276,76.045029,0.0002756263854163676,0.8197003221219155,0.874074096078638,0.8197003221219155
2023-03-22,76.269997,76.330002,74.400002,0.02294585497672143,73.958061,0.00025106308366558357,0.8047300582000244,0.8583152744626525,0.8047300582000244
2023-03-23,74.669998,75.129997,72.769997,0.02263133296032521,72.944405,0.0002230369357546506,0.8073992630722887,0.8605473954380247,0.8073992630722887
2023-03-24,72.559998,73.519997,71.160004,0.02264366720541622,72.984154,0.00037418949693967266,0.8124582581791251,0.864476926481706,0.8124582581791251
2023-03-27,73.440002,75.425003,73.440002,0.023207957376549244,74.802788,0.00043459393015347675,0.8139439262527088,0.8702562602022098,0.8139439262527088
2023-03-28,75.07,76.809998,74.853996,0.023281964388875934,75.041306,0.00023607987382089248,0.8125218647633152,0.8691324761125327,0.8125218647633152
2023-03-29,76.290001,76.559998,75.425003,0.02339605461418713,75.409004,0.0003098236755115348,0.8253658514422791,0.8787379634346857,0.8253658514422791
2023-03-30,76.690002,77.440002,76.0,0.023685910298894223,76.34317,0.00023413960204244329,0.8305952213281962,0.882939305856124,0.8305952213281962
2023-03-31,76.82,78.599998,76.730003,0.0242039485927166,78.012741,0.0004021078519740251,0.843879910769049,0.8952709276194522,0.843879910769049
2023-04-03,78.0,78.550003,76.480003,0.02362423999850756,76.144417,0.0002553074281809412,0.8473328396250845,0.9049848424310928,0.8473328396250845
2023-04-04,76.669998,76.970001,75.120003,0.023439224472005665,75.548134,0.00017733275608451378,0.8419012916679918,0.8990801487090443,0.8419012916679918
2023-04-05,75.879997,77.120003,75.68,0.023587236338166152,76.025162,0.00016232259802067758,0.839579651345052,0.9014667417242347,0.839579651345052
2023-04-06,76.610001,76.980003,76.160004,0.023729079848356628,76.4823,0.0001647748859628842,0.8429053670327074,0.9015430865592986,0.8429053670327074
2023-04-10,76.529999,77.370003,75.860001,0.023843172540516842,76.849998,0.0002001444235908645,0.8438344774946274,0.9045502412882966,0.8438344774946274
2023-04-11,77.760002,77.809998,77.175003,0.023870923358547107,76.939445,0.00018478393867814164,0.843795859211369,0.9074694657792445,0.843795859211369
2023-04-12,77.93,77.949997,76.660004,0.023682826120909217,76.333229,0.00015778182309472352,0.8399363025492609,0.906332016855276,0.8399363025492609
2023-04-13,76.690002,77.589996,76.169998,0.02378458395126617,76.661186,0.0001784780553981817,0.8522646215635407,0.9177151208817976,0.8522646215635407
2023-04-14,76.32,76.635002,75.5,0.02356565140925689,75.955589,0.00017897659745236657,0.8503155340908574,0.913460604431268,0.8503155340908574
2023-04-17,76.580002,76.824997,74.660004,0.023137036700700452,74.574219,0.0001472989658472688,0.8534231700612893,0.9164523119562843,0.8534231700612893
2023-04-18,75.339996,75.949997,74.169998,0.02296435788613858,74.017693,0.000166418727330737,0.8542296106822713,0.9161389119524225,0.8542296106822713
2023-04-19,74.970001,75.400002,74.502998,0.023047613115434507,74.286018,0.0001400229466780843,0.8541501024520338,0.9137737073735149,0.8541501024520338
2023-04-20,74.739998,76.57,74.690002,0.023577985962704023,75.995346,0.00025961914324416165,0.8485322780698127,0.9104944442051447,0.8485322780698127
2023-04-21,76.82,76.964996,75.959999,0.023602655069598296,76.074844,0.00015883280364138353,0.8493796086377741,0.9111580798531326,0.8493796086377741
2023-04-24,76.43,77.334999,75.599998,0.023830837987069708,76.810249,0.00014743370694299444,0.8501792342675928,0.9131317572234244,0.8501792342675928
2023-04-25,76.639999,77.139999,75.839996,0.023719829472894503,76.452492,0.00023206458916826843,0.8353202818680344,0.9028959051541675,0.8353202818680344
2023-04-26,76.510002,76.970001,75.459999,0.023389888725066133,75.38913,0.0004177647672973444,0.8317673998082714,0.8960943824163289,0.8317673998082714
2023-04-27,76.269997,77.239998,75.980003,0.02366432536998496,76.273605,0.00025137298818575255,0.849795323098731,0.9116690258309926,0.849795323098731
2023-04-28,76.900002,77.470001,76.300003,0.02386475746942611,76.919571,0.00030091728908407004,0.8575485113787633,0.9197491017599416,0.8575485113787633
2023-05-01,77.519997,77.650002,76.760002,0.02375683313323591,76.571747,0.00024094402737658805,0.8571827735196702,0.9183689534964893,0.8571827735196702
2023-05-02,76.730003,77.400002,75.949997,0.023676659923432097,76.313362,0.00034411528437371,0.846212909410594,0.9074617421772536,0.846212909410594
2023-05-03,77.199997,77.599998,76.150002,0.023590320516151158,76.035095,0.00021651546672152967,0.8396637029027317,0.8994324637844757,0.8396637029027317
2023-05-04,76.980003,80.370003,74.910004,0.024231699410746863,78.102173,0.0005160988189579159,0.8329554799343942,0.8909216485137263,0.8329554799343942
2023-05-05,79.120003,80.449997,78.279999,0.02450922054200682,78.996597,0.00031788119303592806,0.8499997728336278,0.9071602246379932,0.8499997728336278
2023-05-08,79.739998,79.849998,78.080002,0.02426870307108827,78.221436,0.00031798898591250854,0.8504245739494689,0.9055058885038639,0.8504245739494689
2023-05-09,77.980003,79.099998,77.809998,0.02434270792492207,78.459946,0.0004255393285207138,0.84611977119803,0.9038162020375454,0.84611977119803
2023-05-10,79.849998,80.120003,78.745003,0.024498429310976694,78.961815,0.00021953366726578397,0.8503155340908574,0.9029107582349193,0.8503155340908574
2023-05-11,78.580002,79.550003,78.239998,0.024395130316695622,78.908958,0.0003364889383556388,0.848720826158662,0.8963213374902155,0.848720826158662
2023-05-12,79.449997,80.389999,78.860001,0.024620228747825903,79.637001,0.00026825604748017515,0.8472351580850782,0.8960572497144494,0.8472351580850782
2023-05-15,80.629997,81.089996,79.18,0.02474973801292537,80.055885,0.00027597671226525425,0.850006587824791,0.8974825513433867,0.850006587824791
2023-05-16,80.190002,80.190002,78.330002,0.024358126656354215,78.789276,0.0004997547240463959,0.8440139389285923,0.8874876162439231,0.8440139389285923
2023-05-17,79.089996,80.629997,78.709999,0.02478674136491065,80.175568,0.000313865908383304,0.8551155595334912,0.8996264450190934,0.8551155595334912
2023-05-18,80.269997,81.470001,79.561996,0.02509818197852701,81.182877,0.00038390432994149125,0.8640386546298777,0.9030468124546053,0.8640386546298777
2023-05-19,81.730003,83.235001,81.529999,0.025375702801430842,82.080475,0.0003243218174116136,0.8626597547511844,0.8998005231255038,0.8626597547511844
2023-05-22,82.730003,83.959999,82.309998,0.02575497960455486,83.30719,0.0002571129588636648,0.8628074128930545,0.8956401752069405,0.8628074128930545
2023-05-23,83.360001,84.559998,83.165001,0.025912241846177478,83.815834,0.0003007555997691993,0.8521192350853917,0.8887759724683295,0.8521192350853917
2023-05-24,84.040001,84.370003,82.550003,0.025687140948198177,83.087776,0.0003274478108324484,0.8452270073556469,0.8811833746496528,0.8452270073556469
2023-05-25,83.199997,83.199997,81.900002,0.02551446213363631,82.529274,0.00025102266133686585,0.853414083406405,0.8801356383334249,0.853414083406405
2023-05-26,82.949997,83.949997,82.309998,0.0258536532569268,83.626335,0.0003054580640100241,0.8657196857834739,0.8898997565580062,0.8657196857834739
2023-05-30,83.860001,85.044998,83.135002,0.02580739952947939,83.47673,0.0002961744025145276,0.8657355874295216,0.88839781303239,0.8657355874295216
2023-05-31,83.529999,84.550003,82.449997,0.025906073490207463,83.795883,0.0007026209177709182,0.8598996833300772,0.8844020372485557,0.8598996833300772
2023-06-01,84.875,89.162003,84.790001,0.027404684268765057,88.642914,0.0004913738278922611,0.8692566661971894,0.8889559918070405,0.8692566661971894
2023-06-02,88.660004,89.050003,87.269997,0.026991488291640765,87.306496,0.0004346074042630493,0.8831933231259909,0.9097856551916715,0.8831933231259909
2023-06-05,87.82,88.809998,87.18,0.026982237916178636,87.276573,0.0002450805790153652,0.8812442356533077,0.9038473935071242,0.8812442356533077
2023-06-06,87.139999,89.889999,87.139999,0.027611284724176222,89.311134,0.0003114405686602425,0.8835295293567103,0.9041569317099905,0.8835295293567103
2023-06-07,89.550003,90.879997,89.129997,0.027999811902762364,90.567772,0.00033038516671926734,0.879819902500193,0.9068821749663204,0.879819902500193
2023-06-08,91.489998,92.468002,91.059998,0.02845926407418309,92.053802,0.00041440971401377597,0.8858193663875549,0.9118903367341936,0.8858193663875549
2023-06-09,92.300003,93.769997,92.089996,0.02876453602347331,93.041153,0.00034089497218586724,0.8869392966020452,0.9131727517262992,0.8869392966020452
2023-06-12,93.0,94.019997,92.879997,0.028906379533663783,93.499931,0.00023183552930553485,0.896041853132397,0.9188035546392855,0.896041853132397
2023-06-13,93.959999,95.330002,93.589996,0.029060557597301397,93.998596,0.0003273939143941582,0.9028750176053938,0.923134415924879,0.9028750176053938
2023-06-14,94.529999,95.0,92.769997,0.02873678273859403,92.951393,0.0003467023134116423,0.903688273217539,0.9162191185884819,0.903688273217539
2023-06-15,93.720001,93.75,92.959999,0.02881695594839784,93.210701,0.0005001858955527179,0.9157848825322689,0.9289550412098723,0.9157848825322689
2023-06-16,93.589996,94.519997,92.739998,0.028641192955850964,92.64222,0.0006687604804150652,0.9120934289855204,0.9257188519756826,0.9120934289855204
2023-06-20,93.129997,93.360001,91.889999,0.028363672132947132,91.744621,0.0002488398555861105,0.9073501951359135,0.9184334158669519,0.9073501951359135
2023-06-21,90.879997,91.035004,89.184998,0.027904222120019303,90.258598,0.00036175289380419614,0.9021208252499964,0.9153929902370698,0.9021208252499964
2023-06-22,90.5,90.684998,87.864998,0.02751877696092527,89.011932,0.00043191258234853653,0.9058009204781398,0.9152501036002382,0.9058009204781398
2023-06-23,89.639999,90.699997,89.120003,0.027861052570556898,90.118973,0.00038748844308779325,0.8981772170302085,0.9087361365057532,0.8981772170302085
2023-06-26,90.25,91.199997,89.690002,0.027944307491496703,90.388245,0.00025470109325017584,0.893745201110389,0.9083582741314288,0.893745201110389
2023-06-27,90.970001,91.014999,89.980003,0.028012146147853377,90.607666,0.00019843321167514887,0.9050103815032051,0.9146568715550135,0.9050103815032051
2023-06-28,90.900002,90.900002,89.709999,0.027919640851451447,90.308464,0.00021629988096836863,0.9046582736264384,0.9124562391108352,0.9046582736264384
2023-06-29,90.510002,91.345001,90.139999,0.028018314812179517,90.627617,0.00023426086902859634,0.9091061911923052,0.9204697732380159,0.9091061911923052
2023-06-30,92.050003,92.290001,91.040001,0.02822799697872667,91.305801,0.00035926018353327183,0.9213595453037894,0.9289413763755808,0.9213595453037894
2023-07-03,91.010002,91.739998,90.330002,0.028243413243309794,91.355659,0.0001467330532452211,0.9225430821024702,0.9292642823511238,0.9225430821024702
2023-07-05,91.419998,93.209999,91.349998,0.028409925860394546,91.894226,0.0002812316149985542,0.9205508330190862,0.9254075314031259,0.9205508330190862
2023-07-06,91.470001,91.470001,89.849998,0.028058400183656913,90.757263,0.00030494604784626667,0.9125477617297356,0.9145237879514779,0.9125477617297356
2023-07-07,91.0,91.709999,90.660004,0.028160158322369993,91.086388,0.00017973114758843017,0.9096763787862954,0.9089574474089542,0.9096763787862954
2023-07-10,91.379997,93.629997,91.379997,0.028860125497860246,93.350327,0.00020739349454090389,0.9120797990031938,0.915181482367165,0.9120797990031938
2023-07-11,93.839996,94.43,92.860001,0.029094477079657798,94.108299,0.00016988157349088592,0.9188334552459531,0.9245989296870009,0.9188334552459531
2023-07-12,94.940002,96.160004,94.080002,0.029618681570957296,95.803764,0.0002064907291995421,0.9263072288882931,0.927153956637916,0.9263072288882931
2023-07-13,95.849998,96.07,94.879997,0.029375079922053744,95.015869,0.00019703190427960223,0.9349122910637292,0.9285712376032474,0.9349122910637292
2023-07-14,94.889999,95.535004,94.698997,0.029291824692757814,94.746597,0.00016974683239516028,0.9338627824245921,0.9319544723368797,0.9338627824245921
2023-07-17,94.470001,96.919998,94.470001,0.02965568492294258,95.923447,0.0002629203000894398,0.9378086623081011,0.9342216465828258,0.9378086623081011
2023-07-18,96.0,96.650002,93.889999,0.029405917384918028,95.115608,0.00025940355749100064,0.9451211478262448,0.9451113312667746,0.9451211478262448
2023-07-19,94.830002,95.540001,93.93,0.029208569463461884,94.477318,0.00024053980408941114,0.9475609146626806,0.9483576205958758,0.9475609146626806
2023-07-20,95.5,97.32,95.239998,0.029874617464951864,96.631554,0.00021561270138016787,0.940552832083161,0.9532285398976027,0.940552832083161
2023-07-21,97.580002,98.150002,96.309998,0.02978519387968592,96.342323,0.0006846195073819728,0.9408867666501591,0.9533031023629767,0.9408867666501591
2023-07-24,96.599998,96.809998,95.760002,0.029769777615102796,96.292465,0.0001452104788635214,0.9450439112597283,0.9587556683069417,0.9450439112597283
2023-07-25,95.949997,98.160004,95.900002,0.030068881208423,97.259872,0.00011516321451670383,0.9479561841501477,0.9595526846200803,0.9479561841501477
2023-07-26,96.669998,98.239998,96.669998,0.03001337679715733,97.080353,0.00016746970787739698,0.9477948960259514,0.9619900751714417,0.9477948960259514
2023-07-27,97.730003,97.75,95.199997,0.02942133364950116,95.165474,0.00012097055574247888,0.9411298346683142,0.9549378324305134,0.9411298346683142
2023-07-28,96.260002,96.660004,95.260002,0.029520007610229226,95.484619,0.00015303893652518104,0.9513114314661769,0.9601830493671845,0.9513114314661769
2023-07-31,95.839996,96.690002,95.400002,0.029800612919474192,96.392197,0.00015766055610857047,0.9528402611504613,0.963160794996294,0.9528402611504613
2023-08-01,96.239998,97.089996,96.07,0.02969268858328399,96.043129,0.00019800204016882683,0.9500620164195851,0.9652743883872673,0.9500620164195851
2023-08-02,95.989998,96.025002,94.43,0.02946142148782757,95.295128,0.0002748987834994491,0.9356732984102897,0.9549318911982126,0.9356732984102897
2023-08-03,95.970001,103.573997,95.760002,0.03118513100587157,100.870216,0.00047306251298314674,0.9330608851310521,0.9529525696572353,0.9330608851310521
2023-08-04,101.919998,104.705002,101.790001,0.03204852908731058,103.66275,0.0003669673742087784,0.9276406954925646,0.9484886247681062,0.9276406954925646
2023-08-07,104.580002,104.650002,102.775002,0.03198994080641603,103.473251,0.00023710390614840732,0.936820488589433,0.9605941826423926,0.936820488589433
2023-08-08,102.959999,104.93,102.959999,0.03231679768461551,104.530426,0.00016265945075999167,0.932490697537062,0.9558815971814792,0.932490697537062
2023-08-09,104.620003,105.900002,104.307999,0.032409305447866465,104.829628,0.00022186468822183754,0.9252963385324143,0.9502038585333176,0.9252963385324143
2023-08-10,105.970001,106.849998,105.110001,0.03259740268550435,105.438004,0.0002106811772766095,0.9255507648691746,0.9517720467990868,0.9255507648691746
2023-08-11,105.440002,106.717003,104.989998,0.03285642090734715,106.559998,0.00019052390935605387,0.9244649096105005,0.954898620297329,0.9244649096105005
2023-08-14,106.459999,107.599998,105.712997,0.03299209822006051,107.0,0.0003239041200148641,0.9302962703825027,0.9556778129135653,0.9302962703825027
2023-08-15,106.389999,106.584999,105.620003,0.032757746946619086,106.239998,0.00023033990314298025,0.9185154223250022,0.9449467591320452,0.9185154223250022
2023-08-16,106.400002,106.449997,105.0,0.03240622096152533,105.099998,0.00024726338476612056,0.9108985338682342,0.93958034105644,0.9108985338682342
2023-08-17,105.480003,106.144997,104.57,0.03231988186260052,104.82,0.0002426013428540134,0.9031816922077389,0.9309385216134604,0.9031816922077389
2023-08-18,104.529999,105.540001,104.510002,0.03230446313116838,104.769997,0.00022376453767156905,0.903034034065869,0.9317058317650956,0.903034034065869
2023-08-21,104.599998,106.456001,104.279999,0.032717661575141686,106.110001,0.00018552501470463264,0.9098626552114237,0.9306075949743114,0.9098626552114237
2023-08-22,105.660004,106.544998,105.510002,0.0327639153025891,106.260002,0.00017203743102249617,0.9070866821442687,0.9254131755738116,0.9070866821442687
2023-08-23,106.949997,109.260002,106.949997,0.03343613166004909,108.440002,0.00018774824278410568,0.9180951645366032,0.9308835652146791,0.9180951645366032
2023-08-24,108.900002,110.25,106.839996,0.03296742911316624,106.919998,0.00020192300605444293,0.9045333321217793,0.9197865315234358,0.9045333321217793
2023-08-25,106.82,107.440002,105.57,0.03264365672130789,105.870003,0.00018644125415556698,0.9112120234617428,0.9271382123723192,0.9112120234617428
2023-08-28,106.305,107.349998,105.230003,0.032489478657670275,105.370003,0.00014658483803992292,0.9174818153319128,0.9334680012654825,0.9174818153319128
2023-08-29,105.230003,106.169998,104.800003,0.03254189858259481,105.540001,0.00015244607570398823,0.9320931563858738,0.9421626976759382,0.9320931563858738
2023-08-30,105.339996,106.267998,105.089996,0.03260356888298147,105.739998,0.00015728328104053867,0.9360095046410087,0.9432787581636243,0.9360095046410087
2023-08-31,105.949997,106.089996,103.769997,0.032116368052023385,104.160004,0.00027425202623996604,0.9343716350981129,0.9382783199977424,0.9343716350981129
2023-09-01,105.629997,107.410004,105.199997,0.033081521805326454,107.290001,0.00018037790484791322,0.9362139543759057,0.9417182934998461,0.9362139543759057
2023-09-05,106.550003,106.730003,105.151001,0.03269916082421743,106.050003,0.00019309746428441358,0.9319114232881877,0.9359036094471535,0.9319114232881877
2023-09-06,106.330002,107.790001,105.989998,0.032881089705885304,106.639999,0.00018024316375218758,0.9247897575226142,0.92999861866349,0.9247897575226142
2023-09-07,107.860001,110.955002,107.18,0.03346696696442049,108.540001,0.0002628798777607221,0.9215321917465914,0.9317079111964007,0.9215321917465914
2023-09-08,108.230003,109.660004,108.230003,0.03349780196043575,108.639999,0.0001924102846962128,0.9229746982094745,0.9339614206080552,0.9229746982094745
2023-09-11,108.800003,110.397003,108.650002,0.033911000404409065,109.980003,0.0002453096388780988,0.9297828743815394,0.9365497184598542,0.9297828743815394
2023-09-12,109.540001,110.095001,108.150002,0.03345463241097335,108.5,0.00020979188604482028,0.923976501910469,0.9360230282163974,0.923976501910469
2023-09-13,108.779999,110.089996,108.510002,0.03369206570390689,109.269997,0.0002552670058522235,0.9252350036119451,0.9339299320768616,0.9252350036119451
2023-09-14,109.760002,112.620003,109.525002,0.03467572236662711,112.459999,0.00031100939715392043,0.9337900891855176,0.9437799011081883,0.9337900891855176
2023-09-15,112.459999,112.68,109.800003,0.033895581672976925,109.93,0.0005777159220332507,0.921345915321463,0.9351986822346755,0.921345915321463
2023-09-18,110.43,112.25,110.410004,0.0341453495193576,110.739998,0.00018303230443370832,0.9220751193759283,0.9353787015733869,0.9220751193759283
2023-09-19,111.089996,111.379997,110.300003,0.03408367921897094,110.540001,0.0002657094407709605,0.9198988655311374,0.93221291594196,0.9198988655311374
2023-09-20,110.93,111.18,109.910004,0.033957251973363585,110.129997,0.0001245546688887809,0.9104146694956451,0.9299299974304168,0.9104146694956451
2023-09-21,109.629997,110.639999,109.510002,0.03389866585096193,109.940002,0.00019452571989910533,0.894013257429476,0.9189250528398346,0.894013257429476
2023-09-22,109.459999,110.739998,108.614998,0.03402817511606139,110.360001,0.0001630906222663137,0.8917552236907266,0.9157589701467929,0.8917552236907266
2023-09-25,109.720001,112.919998,109.495003,0.0345986333348083,112.209999,0.0002849908915692995,0.8957033752379565,0.917037523337903,0.8957033752379565
2023-09-26,111.660004,111.714996,107.93,0.03345154823298834,108.489998,0.00031119803468793633,0.8811851723965596,0.9055115326745495,0.8811851723965596
2023-09-27,108.980003,111.290001,108.980003,0.034148433697342606,110.75,0.00037988904528886723,0.8814077954412252,0.9034733929337951,0.8814077954412252
2023-09-28,110.769997,110.980003,108.834999,0.03370748443533903,109.32,0.00020892954303217617,0.8871301163546156,0.9069213870995051,0.8871301163546156
2023-09-29,110.040001,110.709999,108.639999,0.033633479581505234,109.080002,0.0003863566178836979,0.8844836281195622,0.902202860406291,0.8844836281195622
2023-10-02,108.300003,108.300003,102.760002,0.032292130736214134,104.730003,0.0003897251452768389,0.8845608646860788,0.9000001485308073,0.8845608646860788
2023-10-03,103.209999,104.919998,102.404999,0.03234146648315366,104.889999,0.0003445195076608869,0.8711716787140564,0.887197684107649,0.8711716787140564
2023-10-04,104.639999,106.599998,104.224998,0.032733080306573833,106.160004,0.0002659519747432667,0.8789634852773472,0.8909754166660477,0.8789634852773472
2023-10-05,106.980003,108.5,106.610001,0.03326345068699433,107.879997,0.00021411707521761328,0.877700440248429,0.8906789491742428,0.877700440248429
2023-10-06,106.550003,110.580002,105.129997,0.03396958652681072,110.169998,0.0002823769143122221,0.8891291804291626,0.8992346207488625,0.8891291804291626
2023-10-09,110.169998,111.487,109.970001,0.03434269713245761,111.379997,0.00016954472075157183,0.895299019095605,0.905088813996355,0.895299019095605
2023-10-10,110.959999,113.489998,110.959999,0.03484223498371186,113.0,0.00019730138647105352,0.9004284357777947,0.9090887486427998,0.9004284357777947
2023-10-11,113.910004,115.178001,113.309998,0.03548053216717158,115.07,0.00018233165073593499,0.904678718599928,0.9110365816525835,0.904678718599928
2023-10-12,114.910004,116.160004,114.459999,0.0356809639582566,115.720001,0.00017510952800504074,0.8984679899865061,0.9058757302145823,0.8984679899865061
2023-10-13,116.769997,117.389999,112.989998,0.035055001328244025,113.690002,0.00022896554396657873,0.8935089480833971,0.9070387264374439,0.8935089480833971
2023-10-16,114.769997,117.120003,114.610001,0.03602323956788823,116.830002,0.0002292754484867477,0.9039245262445309,0.9163738876899151,0.9039245262445309
2023-10-17,116.050003,117.989998,115.709999,0.0361219135286163,117.150002,0.00016364306075878883,0.9038268447045246,0.9167633354672259,0.9038268447045246
2023-10-18,117.330002,118.644997,115.809998,0.0357888882944468,116.07,0.00014155899516935658,0.8905148952990191,0.9068839573360107,0.8905148952990191
2023-10-19,116.0,116.610001,114.110001,0.03524001469625303,114.290001,0.00013216754079727953,0.8822006060798806,0.8994303843531705,0.8822006060798806
2023-10-20,114.110001,114.790001,111.919998,0.034564713852451905,112.099998,0.00022290219465892497,0.8699699686056073,0.8909079836794347,0.8699699686056073
2023-10-23,111.830002,113.029999,110.399002,0.03456779833879304,112.110001,0.00012809835970636522,0.8683525440362011,0.8852379686332641,0.8683525440362011
2023-10-24,113.260002,115.300003,113.260002,0.035233846340283016,114.269997,0.0002601581076270642,0.8753129216775781,0.8913268405566339,0.8753129216775781
2023-10-25,114.230003,114.269997,111.669998,0.03454312923189877,112.029999,0.00021220375165830922,0.8614762179525041,0.8881943258260911,0.8614762179525041
2023-10-26,112.0,113.029999,111.139999,0.034755895576430926,112.720001,0.00022267313479619138,0.8502223958782931,0.8807193644069684,0.8502223958782931
2023-10-27,113.0,113.360001,109.892998,0.034157684072804735,110.779999,0.00015206880063595643,0.8457108717282362,0.8698258179220242,0.8457108717282362
2023-10-30,111.860001,113.230003,111.504997,0.03485148535917399,113.029999,0.00017132330321515028,0.8569442488289571,0.885016657730063,0.8569442488289571
2023-10-31,113.120003,113.510002,111.169998,0.03481756587681759,112.919998,0.0002616537337896188,0.8630731975484204,0.8886975482019602,0.8630731975484204
2023-11-01,113.589996,115.379997,112.830002,0.035412693202458774,114.849998,0.00037069970256037863,0.8730821479034814,0.8952837012688987,0.8730821479034814
2023-11-02,114.910004,117.900002,114.379997,0.03613424777370731,117.190002,0.0002552670058522235,0.8912372843623211,0.9120528294376177,0.8912372843623211
2023-11-03,118.650002,118.669998,116.849998,0.036097244421722026,117.07,0.00024968872448918205,0.9004511524150056,0.9186547267701529,0.9004511524150056
2023-11-06,118.989998,125.624001,118.059998,0.03845925328171863,124.730003,0.00034098929095287517,0.9021867034979075,0.9196807775884833,0.9021867034979075
2023-11-07,124.440002,124.973999,118.660004,0.036960642503161036,119.870003,0.0003060509248312169,0.905003566512042,0.9213663051921913,0.905003566512042
2023-11-08,120.419998,121.480003,118.964996,0.0373645881048232,121.18,0.0002331155697149284,0.9060030985493154,0.9201682556987555,0.9060030985493154
2023-11-09,121.589996,124.355003,120.519997,0.03719499130975345,120.629997,0.00021600345055777223,0.8979545939855431,0.9136230971346923,0.8979545939855431
2023-11-10,121.449997,122.724998,121.375999,0.037546517294847204,121.769997,0.0001643302403469896,0.9133769189879283,0.9252429592683965,0.9133769189879283
